{"credit":"Made with Blockbench","textures":{"0":"block/snes_1","1":"block/snes_2","missing":"block/snes_1","particle":"block/snes_1"},"elements":[{"from":[12.225,0.65,2.43571],"to":[14.525,3.8,7.48571],"faces":{"north":{"uv":[0,0,9.8,13.4],"texture":"#0"},"east":{"uv":[0,0,1,13.4],"texture":"#0"},"south":{"uv":[0,0,2.3,3.15],"texture":"#0"},"west":{"uv":[0,0,5.05,3.15],"texture":"#0"},"up":{"uv":[0,0,0.51875,0.51875],"texture":"#0"},"down":{"uv":[0,0,0.51875,0.51875],"texture":"#0"}}},{"from":[2.175,0,3.13571],"to":[13.825,3.2,17.23571],"faces":{"north":{"uv":[15,0,15.25,1.69975],"texture":"#0"},"east":{"uv":[15,0,15.25,1.69975],"texture":"#0"},"south":{"uv":[15,0,15.25,1.69975],"texture":"#0"},"west":{"uv":[15,0,15.25,1.69975],"texture":"#0"},"up":{"uv":[15,0,15.25,1.69975],"texture":"#0"},"down":{"uv":[15,0,15.25,1.69975],"texture":"#0"}}},{"from":[3.25,3.75,5.98571],"to":[7.2,4.1,7.48571],"faces":{"north":{"uv":[15.5,0,15.75,1.75],"texture":"#0"},"east":{"uv":[15.5,0,15.75,1.75],"texture":"#0"},"south":{"uv":[15.5,0,15.75,1.75],"texture":"#0"},"west":{"uv":[15.5,0,15.75,1.75],"texture":"#0"},"up":{"uv":[15.75,3.5,16,0],"texture":"#0"},"down":{"uv":[0,0,3.95,1.5],"texture":"#missing"}}},{"from":[8.8,3.75,5.98571],"to":[12.75,4.1,7.48571],"faces":{"north":{"uv":[15.5,0,15.75,1.75],"texture":"#0"},"east":{"uv":[15.5,0,15.75,1.75],"texture":"#0"},"south":{"uv":[15.5,0,15.75,1.75],"texture":"#0"},"west":{"uv":[15.5,0,15.75,1.75],"texture":"#0"},"up":{"uv":[15.75,3.5,16,0],"texture":"#0"},"down":{"uv":[0,0,3.95,1.5],"texture":"#0"}}},{"from":[3.575,4.2,8.68927],"to":[12.425,4.7,9.18927],"rotation":{"angle":-45,"axis":"x","origin":[8,4.45,8.93927]},"faces":{"north":{"uv":[0,0,0.51875,0.51875],"texture":"#0"},"east":{"uv":[0,0,0.51875,0.51875],"texture":"#0"},"south":{"uv":[0,0,0.51875,0.51875],"texture":"#0"},"west":{"uv":[0,0,0.51875,0.51875],"texture":"#0"},"up":{"uv":[0,0,0.51875,0.51875],"texture":"#0"},"down":{"uv":[0,0,0.51875,0.51875],"texture":"#0"}}},{"from":[3.575,3.8,8.58571],"to":[12.425,4.45,13.98571],"faces":{"north":{"uv":[0,0,0.51875,0.51875],"texture":"#0"},"east":{"uv":[0,0,0.51875,0.51875],"texture":"#0"},"south":{"uv":[0,0,0.51875,0.51875],"texture":"#0"},"west":{"uv":[0,0,0.51875,0.51875],"texture":"#0"},"up":{"uv":[0,0,0.51875,0.51875],"texture":"#0"},"down":{"uv":[0,0,0.51875,0.51875],"texture":"#0"}}},{"from":[3.575,4.2,13.38216],"to":[12.425,4.7,13.88216],"rotation":{"angle":45,"axis":"x","origin":[8,4.45,13.63216]},"faces":{"north":{"uv":[0,0,0.51875,0.51875],"texture":"#0"},"east":{"uv":[0,0,0.51875,0.51875],"texture":"#0"},"south":{"uv":[0,0,0.51875,0.51875],"texture":"#0"},"west":{"uv":[0,0,0.51875,0.51875],"texture":"#0"},"up":{"uv":[0,0,0.51875,0.51875],"texture":"#0"},"down":{"uv":[0,0,0.51875,0.51875],"texture":"#0"}}},{"from":[1.475,4.2,8.68927],"to":[3.525,4.7,9.18927],"rotation":{"angle":-45,"axis":"x","origin":[8,4.45,8.93927]},"faces":{"north":{"uv":[0,0,0.51875,0.51875],"texture":"#0"},"east":{"uv":[0,0,0.51875,0.51875],"texture":"#0"},"south":{"uv":[0,0,0.51875,0.51875],"texture":"#0"},"west":{"uv":[0,0,0.51875,0.51875],"texture":"#0"},"up":{"uv":[0,0,0.51875,0.51875],"texture":"#0"},"down":{"uv":[0,0,0.51875,0.51875],"texture":"#0"}}},{"from":[1.475,4.2,13.38216],"to":[3.525,4.7,13.88216],"rotation":{"angle":45,"axis":"x","origin":[8,4.45,13.63216]},"faces":{"north":{"uv":[0,0,0.51875,0.51875],"texture":"#0"},"east":{"uv":[0,0,0.51875,0.51875],"texture":"#0"},"south":{"uv":[0,0,0.51875,0.51875],"texture":"#0"},"west":{"uv":[0,0,0.51875,0.51875],"texture":"#0"},"up":{"uv":[0,0,0.51875,0.51875],"texture":"#0"},"down":{"uv":[0,0,0.51875,0.51875],"texture":"#0"}}},{"from":[1.475,4.44905,8.93927],"to":[3.525,4.80355,13.63227],"faces":{"north":{"uv":[0,0,0.51875,0.51875],"texture":"#0"},"east":{"uv":[0,0,0.51875,0.51875],"texture":"#0"},"south":{"uv":[0,0,0.51875,0.51875],"texture":"#0"},"west":{"uv":[0,0,0.51875,0.51875],"texture":"#0"},"up":{"uv":[0,0,0.51875,0.51875],"texture":"#0"},"down":{"uv":[0,0,0.51875,0.51875],"texture":"#0"}}},{"from":[1.475,3.8,8.58571],"to":[3.525,4.45,13.98571],"faces":{"north":{"uv":[0,0,0.51875,0.51875],"texture":"#0"},"east":{"uv":[0,0,0.51875,0.51875],"texture":"#0"},"south":{"uv":[0,0,0.51875,0.51875],"texture":"#0"},"west":{"uv":[0,0,0.51875,0.51875],"texture":"#0"},"up":{"uv":[0,0,0.51875,0.51875],"texture":"#0"},"down":{"uv":[0,0,0.51875,0.51875],"texture":"#0"}}},{"from":[12.475,4.2,8.68927],"to":[14.525,4.7,9.18927],"rotation":{"angle":-45,"axis":"x","origin":[8,4.45,8.93927]},"faces":{"north":{"uv":[0,0,0.51875,0.51875],"texture":"#0"},"east":{"uv":[0,0,0.51875,0.51875],"texture":"#0"},"south":{"uv":[0,0,0.51875,0.51875],"texture":"#0"},"west":{"uv":[0,0,0.51875,0.51875],"texture":"#0"},"up":{"uv":[0,0,0.51875,0.51875],"texture":"#0"},"down":{"uv":[0,0,0.51875,0.51875],"texture":"#0"}}},{"from":[12.475,4.2,13.38216],"to":[14.525,4.7,13.88216],"rotation":{"angle":45,"axis":"x","origin":[8,4.45,13.63216]},"faces":{"north":{"uv":[0,0,0.51875,0.51875],"texture":"#0"},"east":{"uv":[0,0,0.51875,0.51875],"texture":"#0"},"south":{"uv":[0,0,0.51875,0.51875],"texture":"#0"},"west":{"uv":[0,0,0.51875,0.51875],"texture":"#0"},"up":{"uv":[0,0,0.51875,0.51875],"texture":"#0"},"down":{"uv":[0,0,0.51875,0.51875],"texture":"#0"}}},{"from":[12.475,4.44905,8.93927],"to":[14.525,4.80355,13.63227],"faces":{"north":{"uv":[0,0,0.51875,0.51875],"texture":"#0"},"east":{"uv":[0,0,0.51875,0.51875],"texture":"#0"},"south":{"uv":[0,0,0.51875,0.51875],"texture":"#0"},"west":{"uv":[0,0,0.51875,0.51875],"texture":"#0"},"up":{"uv":[0,0,0.51875,0.51875],"texture":"#0"},"down":{"uv":[0,0,0.51875,0.51875],"texture":"#0"}}},{"from":[12.475,3.8,8.58571],"to":[14.525,4.45,13.98571],"faces":{"north":{"uv":[0,0,0.51875,0.51875],"texture":"#0"},"east":{"uv":[0,0,0.51875,0.51875],"texture":"#0"},"south":{"uv":[0,0,0.51875,0.51875],"texture":"#0"},"west":{"uv":[0,0,0.51875,0.51875],"texture":"#0"},"up":{"uv":[0,0,0.51875,0.51875],"texture":"#0"},"down":{"uv":[0,0,0.51875,0.51875],"texture":"#0"}}},{"from":[3.575,4.44905,8.93927],"to":[12.425,4.80355,10.5036],"faces":{"north":{"uv":[0,0,0.51875,0.51875],"texture":"#0"},"east":{"uv":[0,0,0.51875,0.51875],"texture":"#0"},"south":{"uv":[0,0,0.51875,0.51875],"texture":"#0"},"west":{"uv":[0,0,0.51875,0.51875],"texture":"#0"},"up":{"uv":[0,0,0.51875,0.51875],"texture":"#0"},"down":{"uv":[0,0,0.51875,0.51875],"texture":"#0"}}},{"from":[3.575,4.44905,12.06783],"to":[12.425,4.80355,13.63216],"faces":{"north":{"uv":[0,0,0.51875,0.51875],"texture":"#0"},"east":{"uv":[0,0,0.51875,0.51875],"texture":"#0"},"south":{"uv":[0,0,0.51875,0.51875],"texture":"#0"},"west":{"uv":[0,0,0.51875,0.51875],"texture":"#0"},"up":{"uv":[0,0,0.51875,0.51875],"texture":"#0"},"down":{"uv":[0,0,0.51875,0.51875],"texture":"#0"}}},{"from":[3.575,4.44905,10.5536],"to":[12.425,4.80355,12.01793],"faces":{"north":{"uv":[0,0,0.51875,0.51875],"texture":"#0"},"east":{"uv":[0,0,0.51875,0.51875],"texture":"#0"},"south":{"uv":[0,0,0.51875,0.51875],"texture":"#0"},"west":{"uv":[0,0,0.51875,0.51875],"texture":"#0"},"up":{"uv":[0,0,0.51875,0.51875],"texture":"#0"},"down":{"uv":[0,0,0.51875,0.51875],"texture":"#0"}}},{"from":[1.475,0.65,2.43571],"to":[3.775,3.8,7.48571],"faces":{"north":{"uv":[0,0,1,13.4],"texture":"#0"},"east":{"uv":[0,0,5.05,3.15],"texture":"#0"},"south":{"uv":[0,0,2.3,3.15],"texture":"#0"},"west":{"uv":[0,0,0.55,13.4],"texture":"#0"},"up":{"uv":[0,0,0.51875,0.51875],"texture":"#0"},"down":{"uv":[0,0,0.51875,0.51875],"texture":"#0"}}},{"from":[6.725,0.65,2.43571],"to":[9.275,3.8,3.43571],"faces":{"north":{"uv":[0,0,1,13.4],"texture":"#0"},"east":{"uv":[0,0,1,3.15],"texture":"#0"},"south":{"uv":[0,0,2.55,3.15],"texture":"#0"},"west":{"uv":[0,0,1,3.15],"texture":"#0"},"up":{"uv":[0,0,0.51875,0.51875],"texture":"#0"},"down":{"uv":[0,0,0.51875,0.51875],"texture":"#0"}}},{"from":[9.15,0.5,2.13571],"to":[12.4,1.8,3.08571],"faces":{"north":{"uv":[0,8.05,0.5,0.75],"texture":"#0"},"east":{"uv":[0,8.05,0.5,0.75],"texture":"#0"},"south":{"uv":[0,0,3.25,1.3],"texture":"#missing"},"west":{"uv":[0,8.05,0.5,0.75],"texture":"#0"},"up":{"uv":[0,0,0.51875,0.51875],"texture":"#0"},"down":{"uv":[0,0,0.51875,0.51875],"texture":"#0"}}},{"from":[9.15,2.65,2.13571],"to":[12.4,3.95,8.58571],"faces":{"north":{"uv":[0,0.75,0.5,8.05],"texture":"#0"},"east":{"uv":[0,0.75,0.5,8.05],"texture":"#0"},"south":{"uv":[0,0,3.25,1.3],"texture":"#0"},"west":{"uv":[0,0.75,0.5,8.05],"texture":"#0"},"up":{"uv":[0,0,0.51875,0.51875],"texture":"#0"},"down":{"uv":[0,0,0.51875,0.51875],"texture":"#0"}}},{"from":[9.15,1.8,2.13571],"to":[9.65,2.65,3.08571],"faces":{"north":{"uv":[0,0,0.51875,0.51875],"texture":"#0"},"east":{"uv":[0,0,0.51875,0.51875],"texture":"#0"},"south":{"uv":[0,0,0.5,0.85],"texture":"#missing"},"west":{"uv":[0,0,0.51875,0.51875],"texture":"#0"},"up":{"uv":[0,0,0.5,0.95],"texture":"#missing"},"down":{"uv":[0,0,0.5,0.95],"texture":"#missing"}}},{"from":[11.9,1.8,2.13571],"to":[12.4,2.65,3.08571],"faces":{"north":{"uv":[0,0,0.51875,0.51875],"texture":"#0"},"east":{"uv":[0,0,0.51875,0.51875],"texture":"#0"},"south":{"uv":[0,0,0.5,0.85],"texture":"#missing"},"west":{"uv":[0,0,0.51875,0.51875],"texture":"#0"},"up":{"uv":[0,0,0.5,0.95],"texture":"#missing"},"down":{"uv":[0,0,0.5,0.95],"texture":"#missing"}}},{"from":[11.52626,1.3227,2.136],"to":[12.02626,2.1727,3.036],"rotation":{"angle":-45,"axis":"z","origin":[11.77626,1.7477,2.561]},"faces":{"north":{"uv":[0,0,0.51875,0.51875],"texture":"#0"},"east":{"uv":[0,0,0.95,0.85],"texture":"#missing"},"south":{"uv":[0,0,0.5,0.85],"texture":"#missing"},"west":{"uv":[0,0,0.51875,0.51875],"texture":"#0"},"up":{"uv":[0,0,0.5,0.95],"texture":"#missing"},"down":{"uv":[0,0,0.5,0.95],"texture":"#missing"}}},{"from":[11.52626,2.2773,2.136],"to":[12.02626,3.1273,3.036],"rotation":{"angle":45,"axis":"z","origin":[11.77626,2.7023,2.561]},"faces":{"north":{"uv":[0,0,0.51875,0.51875],"texture":"#0"},"east":{"uv":[0,0,0.95,0.85],"texture":"#missing"},"south":{"uv":[0,0,0.5,0.85],"texture":"#missing"},"west":{"uv":[0,0,0.51875,0.51875],"texture":"#0"},"up":{"uv":[0,0,0.5,0.95],"texture":"#missing"},"down":{"uv":[0,0,0.5,0.95],"texture":"#missing"}}},{"from":[3.6,2.65,2.13571],"to":[6.85,3.95,8.58571],"faces":{"north":{"uv":[0,0.75,0.5,8.05],"texture":"#0"},"east":{"uv":[0,0.75,0.5,8.05],"texture":"#0"},"south":{"uv":[0,0,3.25,1.3],"texture":"#missing"},"west":{"uv":[0,0.75,0.5,8.05],"texture":"#0"},"up":{"uv":[0,0,0.51875,0.51875],"texture":"#0"},"down":{"uv":[0,0,0.51875,0.51875],"texture":"#0"}}},{"from":[6.35,1.8,2.13571],"to":[6.85,2.65,3.08571],"faces":{"north":{"uv":[0,0,0.51875,0.51875],"texture":"#0"},"east":{"uv":[0,0,0.51875,0.51875],"texture":"#0"},"south":{"uv":[0,0,0.5,0.85],"texture":"#missing"},"west":{"uv":[0,0,0.51875,0.51875],"texture":"#0"},"up":{"uv":[0,0,0.5,0.95],"texture":"#missing"},"down":{"uv":[0,0,0.5,0.95],"texture":"#missing"}}},{"from":[3.6,0.5,2.13571],"to":[6.85,1.8,3.08571],"faces":{"north":{"uv":[0,8.05,0.5,0.75],"texture":"#0"},"east":{"uv":[0,8.05,0.5,0.75],"texture":"#0"},"south":{"uv":[0,0,3.25,1.3],"texture":"#missing"},"west":{"uv":[0,8.05,0.5,0.75],"texture":"#0"},"up":{"uv":[0,0,0.51875,0.51875],"texture":"#0"},"down":{"uv":[0,0,0.51875,0.51875],"texture":"#0"}}},{"from":[3.6,1.8,2.13571],"to":[4.1,2.65,3.08571],"faces":{"north":{"uv":[0,0,0.51875,0.51875],"texture":"#0"},"east":{"uv":[0,0,0.51875,0.51875],"texture":"#0"},"south":{"uv":[0,0,0.5,0.85],"texture":"#missing"},"west":{"uv":[0,0,0.51875,0.51875],"texture":"#0"},"up":{"uv":[0,0,0.5,0.95],"texture":"#missing"},"down":{"uv":[0,0,0.5,0.95],"texture":"#missing"}}},{"from":[3.97374,2.2773,2.136],"to":[4.47374,3.1273,3.036],"rotation":{"angle":-45,"axis":"z","origin":[4.22374,2.7023,2.561]},"faces":{"north":{"uv":[0,0,0.51875,0.51875],"texture":"#0"},"east":{"uv":[0,0,0.51875,0.51875],"texture":"#0"},"south":{"uv":[0,0,0.5,0.85],"texture":"#missing"},"west":{"uv":[0,0,0.95,0.85],"texture":"#missing"},"up":{"uv":[0,0,0.5,0.95],"texture":"#missing"},"down":{"uv":[0,0,0.5,0.95],"texture":"#missing"}}},{"from":[3.97374,1.3227,2.136],"to":[4.47374,2.1727,3.036],"rotation":{"angle":45,"axis":"z","origin":[4.22374,1.7477,2.561]},"faces":{"north":{"uv":[0,0,0.51875,0.51875],"texture":"#0"},"east":{"uv":[0,0,0.51875,0.51875],"texture":"#0"},"south":{"uv":[0,0,0.5,0.85],"texture":"#missing"},"west":{"uv":[0,0,0.95,0.85],"texture":"#missing"},"up":{"uv":[0,0,0.5,0.95],"texture":"#missing"},"down":{"uv":[0,0,0.5,0.95],"texture":"#missing"}}},{"from":[6.725,0.65,3.48571],"to":[9.275,3.8,7.43571],"faces":{"north":{"uv":[15.25,0,15.5,1.69975],"texture":"#0"},"east":{"uv":[15.25,0,15.5,1.69975],"texture":"#0"},"south":{"uv":[15.25,0,15.5,1.69975],"texture":"#0"},"west":{"uv":[15.25,0,15.5,1.69975],"texture":"#0"},"up":{"uv":[15.25,0,15.5,1.69975],"texture":"#0"},"down":{"uv":[15.25,0,15.5,1.69975],"texture":"#0"}}},{"from":[12.775,0.65,7.48571],"to":[14.525,3.8,17.93571],"faces":{"north":{"uv":[0,0,1.75,3.15],"texture":"#0"},"east":{"uv":[0,0,1,13.4],"texture":"#0"},"south":{"uv":[0,0,1,13.4],"texture":"#0"},"west":{"uv":[0,0,0.51875,0.51875],"texture":"#0"},"up":{"uv":[0,0,0.51875,0.51875],"texture":"#0"},"down":{"uv":[0,0,0.51875,0.51875],"texture":"#0"}}},{"from":[1.475,0.65,7.48571],"to":[8.275,3.8,17.93571],"faces":{"north":{"uv":[0,0,6.8,3.15],"texture":"#0"},"east":{"uv":[0,0,0.51875,0.51875],"texture":"#0"},"south":{"uv":[0,0,1,13.4],"texture":"#0"},"west":{"uv":[0,0,1,13.4],"texture":"#0"},"up":{"uv":[0,0,0.51875,0.51875],"texture":"#0"},"down":{"uv":[0,0,0.51875,0.51875],"texture":"#0"}}},{"from":[8.275,2,7.48571],"to":[12.775,3.8,17.93571],"faces":{"north":{"uv":[0,0,0.51875,0.51875],"texture":"#0"},"east":{"uv":[0,0,0.51875,0.51875],"texture":"#0"},"south":{"uv":[0,0,1,7.65],"texture":"#0"},"west":{"uv":[0,0,0.51875,0.51875],"texture":"#0"},"up":{"uv":[0,0,0.51875,0.51875],"texture":"#0"},"down":{"uv":[0,0,0.51875,0.51875],"texture":"#0"}}},{"from":[4.3,2,2.43571],"to":[6.3,2.45,2.43571],"faces":{"north":{"uv":[12,0,15,14.5],"texture":"#0","rotation":270},"east":{"uv":[0,0,0.51875,0.51875],"texture":"#0"},"south":{"uv":[0,0,0.5,0.85],"texture":"#0"},"west":{"uv":[0,0,0.51875,0.51875],"texture":"#0"},"up":{"uv":[0,0,0.5,0.95],"texture":"#0"},"down":{"uv":[0,0,0.5,0.95],"texture":"#0"}}},{"from":[9.7,2,2.43571],"to":[11.7,2.45,2.43571],"faces":{"north":{"uv":[15,0,12,14.5],"texture":"#0","rotation":90},"east":{"uv":[0.51875,0,0,0.51875],"texture":"#0"},"south":{"uv":[0.5,0,0,0.85],"texture":"#0"},"west":{"uv":[0.51875,0,0,0.51875],"texture":"#0"},"up":{"uv":[0.5,0,0,0.95],"texture":"#0"},"down":{"uv":[0.5,0,0,0.95],"texture":"#0"}}},{"from":[8.475,0.85,17.35],"to":[9.425,1.8,17.35],"faces":{"north":{"uv":[1.375,1.9375,3.58125,2.45625],"texture":"#1"},"east":{"uv":[1.375,1.9375,3.58125,2.45625],"texture":"#1"},"south":{"uv":[0,1.25,5,6.25],"texture":"#1"},"west":{"uv":[1.375,1.9375,3.58125,2.45625],"texture":"#1"},"up":{"uv":[1.375,1.9375,3.58125,2.45625],"texture":"#1"},"down":{"uv":[1.375,1.9375,3.58125,2.45625],"texture":"#1"}}},{"from":[3.475,2.7,17.936],"to":[12.525,3.55,17.936],"faces":{"north":{"uv":[0,0,0.51875,0.51875],"texture":"#1"},"east":{"uv":[0,0,0.51875,0.51875],"texture":"#1"},"south":{"uv":[0,0,10.75,1],"texture":"#1"},"west":{"uv":[0,0,0.51875,0.51875],"texture":"#1"},"up":{"uv":[0,0,0.51875,0.51875],"texture":"#1"},"down":{"uv":[0,0,0.51875,0.51875],"texture":"#1"}}},{"from":[8.275,0.65,17.23571],"to":[12.775,2,17.28571],"faces":{"north":{"uv":[0,0,0.51875,0.51875],"texture":"#0"},"east":{"uv":[0,0,0.51875,0.51875],"texture":"#0"},"south":{"uv":[0,0,0.51875,0.51875],"texture":"#0"},"west":{"uv":[0,0,0.51875,0.51875],"texture":"#0"},"up":{"uv":[0,0,0.51875,0.51875],"texture":"#0"},"down":{"uv":[0,0,0.51875,0.51875],"texture":"#0"}}},{"from":[11.975,0.85,17.35],"to":[12.925,1.8,17.35],"faces":{"north":{"uv":[1.375,1.9375,3.58125,2.45625],"texture":"#1"},"east":{"uv":[1.375,1.9375,3.58125,2.45625],"texture":"#1"},"south":{"uv":[11,2.25,16,7.25],"texture":"#1"},"west":{"uv":[1.375,1.9375,3.58125,2.45625],"texture":"#1"},"up":{"uv":[1.375,1.9375,3.58125,2.45625],"texture":"#1"},"down":{"uv":[1.375,1.9375,3.58125,2.45625],"texture":"#1"}}},{"from":[11.175,1.25,17.35],"to":[11.525,1.4,17.35],"faces":{"north":{"uv":[1.375,1.9375,3.58125,2.45625],"texture":"#1"},"east":{"uv":[1.375,1.9375,3.58125,2.45625],"texture":"#1"},"south":{"uv":[15.5,0,16,0.5],"texture":"#1"},"west":{"uv":[1.375,1.9375,3.58125,2.45625],"texture":"#1"},"up":{"uv":[1.375,1.9375,3.58125,2.45625],"texture":"#1"},"down":{"uv":[1.375,1.9375,3.58125,2.45625],"texture":"#1"}}},{"from":[9.975,0.85,17.35],"to":[10.925,1.8,17.35],"faces":{"north":{"uv":[1.375,1.9375,3.58125,2.45625],"texture":"#1"},"east":{"uv":[1.375,1.9375,3.58125,2.45625],"texture":"#1"},"south":{"uv":[5.25,1.25,10.75,6.75],"texture":"#1"},"west":{"uv":[1.375,1.9375,3.58125,2.45625],"texture":"#1"},"up":{"uv":[1.375,1.9375,3.58125,2.45625],"texture":"#1"},"down":{"uv":[1.375,1.9375,3.58125,2.45625],"texture":"#1"}}}],"groups":[{"name":"group","isOpen":true,"shade":true,"display":{"visibility":true,"autouv":true},"children":[0,1,2,3,4,5,6,7,8,9,10,11,12,13,14,15,16,17,18,19,20,21,22,23,24,25,26,27,28,29,30,31,32,33,34,35,36,37]},38,39,40,41,42,43]}